{
  "Brightness": 0.4535712,
  "Contrast": 1.0,
  "ColorFilterAmount": 0.453573376
}